data,dia_semana,numero_dia_semana,origem,familia_caixa,modelo_caixa,quantidade_caixas,registros_origem
2026-06-01,segunda-feira,0,AGROINDUSTRIA TREBESCHI,HB,618,105.0,4
2026-06-01,segunda-feira,0,PH ALHO/CEBOLA,IFCO,6424,560.0,2
2026-06-01,segunda-feira,0,PH UBAJARA,HB,623,220.0,2
2026-06-01,segunda-feira,0,PH UBAJARA,IFCO,6416,54.0,50
2026-06-01,segunda-feira,0,PH UBAJARA,IFCO,6424,30.0,23
2026-06-01,segunda-feira,0,TREB. MINAS,HB,618,478.0,25
2026-06-01,segunda-feira,0,TREB. MINAS,HB,623,628.0,6
2026-06-01,segunda-feira,0,TREB. MINAS,IFCO,6416,331.0,8
2026-06-01,segunda-feira,0,TREB. MINAS,IFCO,6424,31.0,3
2026-06-02,terça-feira,1,AGROINDUSTRIA TREBESCHI,HB,618,128.0,4
2026-06-02,terça-feira,1,PH CORUMBA (PF),HB,623,440.0,1
2026-06-02,terça-feira,1,PH CORUMBA (PF),IFCO,6424,880.0,5
2026-06-02,terça-feira,1,PH UBAJARA,HB,618,185.0,16
2026-06-02,terça-feira,1,PH UBAJARA,HB,623,68.0,7
2026-06-02,terça-feira,1,PH UBAJARA,IFCO,6416,52.0,18
2026-06-02,terça-feira,1,PH UBAJARA,IFCO,6424,265.0,33
2026-06-02,terça-feira,1,TREB. CEARA,IFCO,6424,41.0,1
2026-06-02,terça-feira,1,TREB. MINAS,HB,618,483.0,28
2026-06-02,terça-feira,1,TREB. MINAS,HB,623,1215.0,31
2026-06-02,terça-feira,1,TREB. MINAS,HB,NAO_INFORMADO,139.0,9
2026-06-03,quarta-feira,2,AGROINDUSTRIA TREBESCHI,HB,618,72.0,4
2026-06-03,quarta-feira,2,AGROINDUSTRIA TREBESCHI,IFCO,6416,8.0,1
2026-06-03,quarta-feira,2,AGROINDUSTRIA TREBESCHI,IFCO,6424,49.0,3
2026-06-03,quarta-feira,2,PH CORUMBA (PF),HB,618,150.0,1
2026-06-03,quarta-feira,2,PH CORUMBA (PF),HB,623,1080.0,2
2026-06-03,quarta-feira,2,PH CORUMBA (PF),IFCO,6424,280.0,2
2026-06-03,quarta-feira,2,PH UBAJARA,HB,618,160.0,14
2026-06-03,quarta-feira,2,PH UBAJARA,HB,623,2.0,1
2026-06-03,quarta-feira,2,PH UBAJARA,IFCO,6416,241.0,18
2026-06-03,quarta-feira,2,PH UBAJARA,IFCO,6424,80.0,10
2026-06-03,quarta-feira,2,TREB. CEARA,HB,618,9.0,1
2026-06-03,quarta-feira,2,TREB. CEARA,IFCO,6416,32.0,1
2026-06-03,quarta-feira,2,TREB. MINAS,HB,618,414.0,5
2026-06-03,quarta-feira,2,TREB. MINAS,HB,623,85.0,4
2026-06-03,quarta-feira,2,TREB. MINAS,IFCO,6416,300.0,32
2026-06-03,quarta-feira,2,TREB. MINAS,IFCO,6424,118.0,8
2026-06-04,quinta-feira,3,AGROINDUSTRIA TREBESCHI,HB,618,57.0,4
2026-06-04,quinta-feira,3,PH CORUMBA (PF),IFCO,6424,560.0,1
2026-06-04,quinta-feira,3,PH UBAJARA,IFCO,6416,112.0,25
2026-06-04,quinta-feira,3,PH UBAJARA,IFCO,6424,8.0,1
2026-06-04,quinta-feira,3,TREB. CEARA,IFCO,6416,1.0,1
2026-06-04,quinta-feira,3,TREB. MINAS,HB,618,433.0,33
2026-06-04,quinta-feira,3,TREB. MINAS,HB,623,100.0,4
2026-06-04,quinta-feira,3,TREB. MINAS,IFCO,6416,22.0,4
2026-06-04,quinta-feira,3,TREB. MINAS,IFCO,6424,34.0,5
2026-06-05,sexta-feira,4,AGROINDUSTRIA TREBESCHI,HB,618,39.0,4
2026-06-05,sexta-feira,4,AGROINDUSTRIA TREBESCHI,IFCO,6416,40.0,1
2026-06-05,sexta-feira,4,AGROINDUSTRIA TREBESCHI,IFCO,6424,520.0,1
2026-06-05,sexta-feira,4,PH CORUMBA (PF),HB,623,120.0,2
2026-06-05,sexta-feira,4,PH UBAJARA,IFCO,6416,169.0,35
2026-06-05,sexta-feira,4,PH UBAJARA,IFCO,6424,51.0,13
2026-06-05,sexta-feira,4,TREB. CEARA,IFCO,6416,25.0,2
2026-06-05,sexta-feira,4,TREB. MINAS,HB,618,119.0,5
2026-06-05,sexta-feira,4,TREB. MINAS,HB,623,562.0,5
2026-06-05,sexta-feira,4,TREB. MINAS,IFCO,6416,668.0,6
2026-06-06,sábado,5,AGROINDUSTRIA TREBESCHI,HB,618,176.0,7
2026-06-06,sábado,5,AGROINDUSTRIA TREBESCHI,IFCO,6424,100.0,1
2026-06-06,sábado,5,PH CORUMBA (PF),IFCO,6424,310.0,4
2026-06-06,sábado,5,PH UBAJARA,HB,618,340.0,30
2026-06-06,sábado,5,PH UBAJARA,HB,623,47.0,9
2026-06-06,sábado,5,PH UBAJARA,IFCO,6416,3.0,1
2026-06-06,sábado,5,PH UBAJARA,IFCO,6424,191.0,15
2026-06-06,sábado,5,TREB. CEARA,HB,618,25.0,1
2026-06-06,sábado,5,TREB. CEARA,IFCO,6424,41.0,1
2026-06-06,sábado,5,TREB. MINAS,HB,618,666.0,24
2026-06-06,sábado,5,TREB. MINAS,HB,623,270.0,6
2026-06-06,sábado,5,TREB. MINAS,IFCO,6416,682.0,22
2026-06-06,sábado,5,TREB. MINAS,IFCO,6424,440.0,4
2026-06-08,segunda-feira,0,AGROINDUSTRIA TREBESCHI,HB,618,82.0,5
2026-06-08,segunda-feira,0,PH CORUMBA (PF),HB,623,450.0,1
2026-06-08,segunda-feira,0,PH CORUMBA (PF),IFCO,6424,80.0,4
2026-06-08,segunda-feira,0,PH UBAJARA,IFCO,6424,5.0,3
2026-06-08,segunda-feira,0,TREB. MINAS,HB,618,532.0,26
2026-06-08,segunda-feira,0,TREB. MINAS,HB,623,192.0,6
2026-06-08,segunda-feira,0,TREB. MINAS,IFCO,6416,389.0,5
2026-06-09,terça-feira,1,AGROINDUSTRIA TREBESCHI,HB,618,351.0,7
2026-06-09,terça-feira,1,AGROINDUSTRIA TREBESCHI,IFCO,6424,40.0,1
2026-06-09,terça-feira,1,PH CORUMBA (PF),IFCO,6424,240.0,2
2026-06-09,terça-feira,1,PH UBAJARA,HB,618,96.0,9
2026-06-09,terça-feira,1,PH UBAJARA,HB,623,43.0,7
2026-06-09,terça-feira,1,PH UBAJARA,IFCO,6424,120.0,14
2026-06-09,terça-feira,1,TREB. MINAS,HB,618,678.0,24
2026-06-09,terça-feira,1,TREB. MINAS,HB,623,1252.0,21
2026-06-09,terça-feira,1,TREB. MINAS,HB,NAO_INFORMADO,105.0,6
2026-06-09,terça-feira,1,TREB. MINAS,IFCO,6416,520.0,15
2026-06-09,terça-feira,1,TREB. MINAS,IFCO,6424,1248.0,10
2026-06-10,quarta-feira,2,AGROINDUSTRIA TREBESCHI,HB,618,68.0,4
2026-06-10,quarta-feira,2,AGROINDUSTRIA TREBESCHI,IFCO,6416,12.0,4
2026-06-10,quarta-feira,2,AGROINDUSTRIA TREBESCHI,IFCO,6424,866.0,3
2026-06-10,quarta-feira,2,PH CORUMBA (PF),HB,623,80.0,1
2026-06-10,quarta-feira,2,PH CORUMBA (PF),IFCO,6424,440.0,9
2026-06-10,quarta-feira,2,PH UBAJARA,HB,618,149.0,14
2026-06-10,quarta-feira,2,PH UBAJARA,HB,623,2.0,1
2026-06-10,quarta-feira,2,PH UBAJARA,IFCO,6416,346.0,28
2026-06-10,quarta-feira,2,PH UBAJARA,IFCO,6424,180.0,7
2026-06-10,quarta-feira,2,TREB. CEARA,IFCO,6416,71.0,3
2026-06-10,quarta-feira,2,TREB. MINAS,HB,618,66.0,6
2026-06-10,quarta-feira,2,TREB. MINAS,HB,623,88.0,4
2026-06-10,quarta-feira,2,TREB. MINAS,IFCO,6416,320.0,30
2026-06-10,quarta-feira,2,TREB. MINAS,IFCO,6424,1195.0,15
2026-06-11,quinta-feira,3,AGROINDUSTRIA TREBESCHI,HB,618,301.0,6
2026-06-11,quinta-feira,3,PH CORUMBA (PF),HB,623,890.0,3
2026-06-11,quinta-feira,3,PH CORUMBA (PF),IFCO,6424,74.0,1
2026-06-11,quinta-feira,3,PH UBAJARA,IFCO,6416,401.0,35
2026-06-11,quinta-feira,3,PH UBAJARA,IFCO,6424,315.0,23
2026-06-11,quinta-feira,3,TREB. CEARA,IFCO,6416,54.0,8
2026-06-11,quinta-feira,3,TREB. CEARA,IFCO,6424,83.0,9
2026-06-11,quinta-feira,3,TREB. MINAS,HB,618,588.0,23
2026-06-11,quinta-feira,3,TREB. MINAS,HB,623,168.0,6
2026-06-11,quinta-feira,3,TREB. MINAS,IFCO,6416,31.0,4
2026-06-11,quinta-feira,3,TREB. MINAS,IFCO,6424,81.0,8
2026-06-12,sexta-feira,4,AGROINDUSTRIA TREBESCHI,HB,618,46.0,4
2026-06-12,sexta-feira,4,PH CORUMBA (PF),HB,623,640.0,1
2026-06-12,sexta-feira,4,PH UBAJARA,IFCO,6416,20.0,2
2026-06-12,sexta-feira,4,PH UBAJARA,IFCO,6424,686.0,31
2026-06-12,sexta-feira,4,TREB. MINAS,HB,618,113.0,5
2026-06-12,sexta-feira,4,TREB. MINAS,HB,623,73.0,4
2026-06-12,sexta-feira,4,TREB. MINAS,IFCO,6416,453.0,5
2026-06-13,sábado,5,AGROINDUSTRIA TREBESCHI,HB,618,190.0,6
2026-06-13,sábado,5,AGROINDUSTRIA TREBESCHI,IFCO,6424,100.0,1
2026-06-13,sábado,5,PH CORUMBA (PF),IFCO,6424,240.0,2
2026-06-13,sábado,5,PH UBAJARA,HB,618,332.0,39
2026-06-13,sábado,5,PH UBAJARA,HB,623,37.0,9
2026-06-13,sábado,5,PH UBAJARA,IFCO,6416,292.0,71
2026-06-13,sábado,5,PH UBAJARA,IFCO,6424,307.0,53
2026-06-13,sábado,5,TREB. CEARA,HB,618,11.0,2
2026-06-13,sábado,5,TREB. CEARA,IFCO,6416,65.0,4
2026-06-13,sábado,5,TREB. MINAS,HB,618,633.0,29
2026-06-13,sábado,5,TREB. MINAS,HB,623,239.0,8
2026-06-13,sábado,5,TREB. MINAS,IFCO,6416,438.0,43
2026-06-13,sábado,5,TREB. MINAS,IFCO,6424,112.0,13
2026-06-15,segunda-feira,0,PH CORUMBA (PF),HB,623,810.0,1
2026-06-15,segunda-feira,0,PH CORUMBA (PF),IFCO,6424,280.0,3
2026-06-15,segunda-feira,0,PH UBAJARA,HB,618,80.0,2
2026-06-15,segunda-feira,0,PH UBAJARA,IFCO,6416,89.0,88
2026-06-15,segunda-feira,0,PH UBAJARA,IFCO,6424,134.0,35
2026-06-15,segunda-feira,0,TREB. MINAS,HB,618,311.0,11
2026-06-15,segunda-feira,0,TREB. MINAS,HB,623,178.0,6
2026-06-15,segunda-feira,0,TREB. MINAS,IFCO,6416,347.0,4
2026-06-16,terça-feira,1,AGROINDUSTRIA TREBESCHI,HB,618,210.0,3
2026-06-16,terça-feira,1,PH CORUMBA (PF),IFCO,6424,1590.0,7
2026-06-16,terça-feira,1,PH UBAJARA,HB,618,89.0,14
2026-06-16,terça-feira,1,PH UBAJARA,HB,623,22.0,5
2026-06-16,terça-feira,1,PH UBAJARA,IFCO,6416,7.0,7
2026-06-16,terça-feira,1,PH UBAJARA,IFCO,6424,403.0,22
2026-06-16,terça-feira,1,TREB. CEARA,HB,618,125.0,4
2026-06-16,terça-feira,1,TREB. MINAS,HB,618,708.0,24
2026-06-16,terça-feira,1,TREB. MINAS,HB,623,307.0,25
2026-06-16,terça-feira,1,TREB. MINAS,HB,NAO_INFORMADO,11.0,2
2026-06-16,terça-feira,1,TREB. MINAS,IFCO,6416,408.0,7
2026-06-17,quarta-feira,2,AGROINDUSTRIA TREBESCHI,HB,618,300.0,1
2026-06-17,quarta-feira,2,AGROINDUSTRIA TREBESCHI,IFCO,6416,91.0,6
2026-06-17,quarta-feira,2,AGROINDUSTRIA TREBESCHI,IFCO,6424,231.0,3
2026-06-17,quarta-feira,2,F. BICAME,HB,623,450.0,1
2026-06-17,quarta-feira,2,PH CORUMBA (PF),HB,623,810.0,1
2026-06-17,quarta-feira,2,PH CORUMBA (PF),IFCO,6424,1120.0,2
2026-06-17,quarta-feira,2,PH UBAJARA,HB,618,77.0,13
2026-06-17,quarta-feira,2,PH UBAJARA,HB,623,2.0,1
2026-06-17,quarta-feira,2,PH UBAJARA,IFCO,6416,227.0,15
2026-06-17,quarta-feira,2,PH UBAJARA,IFCO,6424,198.0,13
2026-06-17,quarta-feira,2,TREB. CEARA,HB,618,7.0,2
2026-06-17,quarta-feira,2,TREB. CEARA,IFCO,6416,56.0,3
2026-06-17,quarta-feira,2,TREB. MINAS,HB,618,154.0,7
2026-06-17,quarta-feira,2,TREB. MINAS,HB,623,57.0,4
2026-06-17,quarta-feira,2,TREB. MINAS,IFCO,6416,581.0,32
2026-06-17,quarta-feira,2,TREB. MINAS,IFCO,6424,1366.0,18
2026-06-18,quinta-feira,3,AGROINDUSTRIA TREBESCHI,HB,618,29.0,1
2026-06-18,quinta-feira,3,PH CORUMBA (PF),HB,623,881.0,3
2026-06-18,quinta-feira,3,PH CORUMBA (PF),IFCO,6424,1272.0,2
2026-06-18,quinta-feira,3,PH UBAJARA,IFCO,6416,78.0,15
2026-06-18,quinta-feira,3,PH UBAJARA,IFCO,6424,206.0,2
2026-06-18,quinta-feira,3,TREB. CEARA,IFCO,6416,14.0,2
2026-06-18,quinta-feira,3,TREB. MINAS,HB,618,757.0,45
2026-06-18,quinta-feira,3,TREB. MINAS,HB,623,216.0,16
2026-06-18,quinta-feira,3,TREB. MINAS,HB,NAO_INFORMADO,21.0,4
2026-06-18,quinta-feira,3,TREB. MINAS,IFCO,6416,507.0,9
2026-06-18,quinta-feira,3,TREB. MINAS,IFCO,6424,28.0,3
2026-06-19,sexta-feira,4,AGROINDUSTRIA TREBESCHI,HB,618,250.0,3
2026-06-19,sexta-feira,4,PH ALHO/CEBOLA,IFCO,6424,640.0,4
2026-06-19,sexta-feira,4,PH CORUMBA (PF),IFCO,6424,280.0,3
2026-06-19,sexta-feira,4,PH UBAJARA,HB,618,24.0,2
2026-06-19,sexta-feira,4,TREB. MINAS,HB,618,177.0,5
2026-06-19,sexta-feira,4,TREB. MINAS,HB,623,203.0,5
2026-06-19,sexta-feira,4,TREB. MINAS,IFCO,6424,520.0,4
2026-06-20,sábado,5,AGROINDUSTRIA TREBESCHI,HB,618,35.0,3
2026-06-20,sábado,5,AGROINDUSTRIA TREBESCHI,IFCO,6424,2.0,1
2026-06-20,sábado,5,PH CORUMBA (PF),IFCO,6424,2370.0,7
2026-06-20,sábado,5,PH UBAJARA,HB,618,336.0,49
2026-06-20,sábado,5,PH UBAJARA,HB,623,38.0,7
2026-06-20,sábado,5,PH UBAJARA,IFCO,6416,310.0,61
2026-06-20,sábado,5,PH UBAJARA,IFCO,6424,405.0,53
2026-06-20,sábado,5,TREB. CEARA,HB,618,50.0,3
2026-06-20,sábado,5,TREB. CEARA,IFCO,6416,106.0,4
2026-06-20,sábado,5,TREB. CEARA,IFCO,6424,12.0,3
2026-06-20,sábado,5,TREB. MINAS,HB,618,749.0,38
2026-06-20,sábado,5,TREB. MINAS,HB,623,396.0,20
2026-06-20,sábado,5,TREB. MINAS,HB,NAO_INFORMADO,21.0,4
2026-06-20,sábado,5,TREB. MINAS,IFCO,6416,479.0,26
2026-06-20,sábado,5,TREB. MINAS,IFCO,6424,1528.0,7
2026-06-22,segunda-feira,0,PH UBAJARA,IFCO,6416,337.0,76
2026-06-22,segunda-feira,0,PH UBAJARA,IFCO,6424,31.0,20
2026-06-22,segunda-feira,0,TREB. MINAS,HB,618,334.0,7
2026-06-22,segunda-feira,0,TREB. MINAS,HB,623,991.0,7
2026-06-22,segunda-feira,0,TREB. MINAS,IFCO,6416,282.0,4
2026-06-23,terça-feira,1,AGROINDUSTRIA TREBESCHI,HB,618,2.0,1
2026-06-23,terça-feira,1,PH ALHO/CEBOLA,IFCO,6424,1040.0,5
2026-06-23,terça-feira,1,PH CORUMBA (PF),IFCO,6424,540.0,4
2026-06-23,terça-feira,1,PH UBAJARA,HB,618,122.0,15
2026-06-23,terça-feira,1,PH UBAJARA,HB,623,42.0,6
2026-06-23,terça-feira,1,PH UBAJARA,IFCO,6416,12.0,2
2026-06-23,terça-feira,1,PH UBAJARA,IFCO,6424,198.0,24
2026-06-23,terça-feira,1,TREB. CEARA,HB,618,28.0,1
2026-06-23,terça-feira,1,TREB. MINAS,HB,618,604.0,23
2026-06-23,terça-feira,1,TREB. MINAS,HB,623,887.0,23
2026-06-23,terça-feira,1,TREB. MINAS,HB,NAO_INFORMADO,20.0,2
2026-06-23,terça-feira,1,TREB. MINAS,IFCO,6416,391.0,7
2026-06-23,terça-feira,1,TREB. MINAS,IFCO,6424,2888.0,10
2026-06-24,quarta-feira,2,AGROINDUSTRIA TREBESCHI,IFCO,6416,53.0,5
2026-06-24,quarta-feira,2,AGROINDUSTRIA TREBESCHI,IFCO,6424,217.0,3
2026-06-24,quarta-feira,2,PH CORUMBA (PF),HB,623,690.0,1
2026-06-24,quarta-feira,2,PH UBAJARA,HB,618,104.0,11
2026-06-24,quarta-feira,2,PH UBAJARA,HB,623,1.0,1
2026-06-24,quarta-feira,2,PH UBAJARA,IFCO,6416,222.0,24
2026-06-24,quarta-feira,2,PH UBAJARA,IFCO,6424,693.0,42
2026-06-24,quarta-feira,2,TREB. CEARA,HB,618,10.0,2
2026-06-24,quarta-feira,2,TREB. CEARA,IFCO,6416,62.0,2
2026-06-24,quarta-feira,2,TREB. MINAS,HB,618,194.0,6
2026-06-24,quarta-feira,2,TREB. MINAS,HB,623,145.0,5
2026-06-24,quarta-feira,2,TREB. MINAS,IFCO,6416,464.0,26
2026-06-24,quarta-feira,2,TREB. MINAS,IFCO,6424,2817.0,19
2026-06-25,quinta-feira,3,PH CORUMBA (PF),HB,623,280.0,1
2026-06-25,quinta-feira,3,PH CORUMBA (PF),IFCO,6424,3448.0,7
2026-06-25,quinta-feira,3,PH UBAJARA,IFCO,6416,128.0,26
2026-06-25,quinta-feira,3,PH UBAJARA,IFCO,6424,263.0,21
2026-06-25,quinta-feira,3,TREB. MINAS,HB,618,463.0,35
2026-06-25,quinta-feira,3,TREB. MINAS,HB,623,113.0,6
2026-06-25,quinta-feira,3,TREB. MINAS,IFCO,6416,180.0,1
2026-06-25,quinta-feira,3,TREB. MINAS,IFCO,6424,2500.0,5
2026-06-26,sexta-feira,4,PH CASCAVEL,HB,623,80.0,1
2026-06-26,sexta-feira,4,PH CASCAVEL,IFCO,6424,1200.0,6
2026-06-26,sexta-feira,4,TREB. MINAS,HB,618,148.0,5
2026-06-26,sexta-feira,4,TREB. MINAS,HB,623,18.0,3
2026-06-26,sexta-feira,4,TREB. MINAS,IFCO,6424,2638.0,4
2026-06-27,sábado,5,AGROINDUSTRIA TREBESCHI,IFCO,6416,2.0,2
2026-06-27,sábado,5,AGROINDUSTRIA TREBESCHI,IFCO,6424,40.0,1
2026-06-27,sábado,5,PH CASCAVEL,IFCO,6424,970.0,2
2026-06-27,sábado,5,PH CORUMBA (PF),HB,623,640.0,1
2026-06-27,sábado,5,PH CORUMBA (PF),IFCO,6424,350.0,2
2026-06-27,sábado,5,PH UBAJARA,HB,618,263.0,37
2026-06-27,sábado,5,PH UBAJARA,HB,623,33.0,7
2026-06-27,sábado,5,PH UBAJARA,IFCO,6416,229.0,70
2026-06-27,sábado,5,PH UBAJARA,IFCO,6424,145.0,65
2026-06-27,sábado,5,TREB. CEARA,HB,618,14.0,1
2026-06-27,sábado,5,TREB. CEARA,IFCO,6424,1.0,1
2026-06-27,sábado,5,TREB. MINAS,HB,618,552.0,28
2026-06-27,sábado,5,TREB. MINAS,HB,623,1512.0,31
2026-06-27,sábado,5,TREB. MINAS,HB,NAO_INFORMADO,132.0,8
2026-06-27,sábado,5,TREB. MINAS,IFCO,6416,105.0,31
2026-06-27,sábado,5,TREB. MINAS,IFCO,6424,400.0,2
2026-06-29,segunda-feira,0,AGROINDUSTRIA TREBESCHI,HB,623,16.0,1
2026-06-29,segunda-feira,0,PH CASCAVEL,HB,623,80.0,1
2026-06-29,segunda-feira,0,PH CASCAVEL,IFCO,6424,560.0,3
2026-06-29,segunda-feira,0,PH UBAJARA,IFCO,6416,171.0,28
2026-06-29,segunda-feira,0,PH UBAJARA,IFCO,6424,191.0,15
2026-06-29,segunda-feira,0,TREB. CEARA,IFCO,6416,62.0,4
2026-06-29,segunda-feira,0,TREB. MINAS,HB,618,551.0,22
2026-06-29,segunda-feira,0,TREB. MINAS,HB,623,784.0,6
2026-06-29,segunda-feira,0,TREB. MINAS,IFCO,6416,18.0,4
2026-06-29,segunda-feira,0,TREB. MINAS,IFCO,6424,28.0,3
2026-06-30,terça-feira,1,AGROINDUSTRIA TREBESCHI,HB,618,178.0,4
2026-06-30,terça-feira,1,AGROINDUSTRIA TREBESCHI,IFCO,6424,100.0,1
2026-06-30,terça-feira,1,PH CASCAVEL,IFCO,6424,90.0,1
2026-06-30,terça-feira,1,PH CORUMBA (PF),IFCO,6424,450.0,2
2026-06-30,terça-feira,1,PH UBAJARA,HB,618,89.0,9
2026-06-30,terça-feira,1,PH UBAJARA,HB,623,33.0,6
2026-06-30,terça-feira,1,PH UBAJARA,IFCO,6416,26.0,13
2026-06-30,terça-feira,1,PH UBAJARA,IFCO,6424,161.0,23
2026-06-30,terça-feira,1,TREB. CEARA,IFCO,6424,3.0,1
2026-06-30,terça-feira,1,TREB. MINAS,HB,618,338.0,23
2026-06-30,terça-feira,1,TREB. MINAS,HB,623,226.0,10
2026-06-30,terça-feira,1,TREB. MINAS,IFCO,6416,100.0,3
2026-06-30,terça-feira,1,TREB. MINAS,IFCO,6424,80.0,2
2026-07-01,quarta-feira,2,AGROINDUSTRIA TREBESCHI,HB,618,168.0,3
2026-07-01,quarta-feira,2,AGROINDUSTRIA TREBESCHI,IFCO,6416,11.0,1
2026-07-01,quarta-feira,2,AGROINDUSTRIA TREBESCHI,IFCO,6424,12.0,2
2026-07-01,quarta-feira,2,PH CORUMBA (PF),HB,623,1901.0,3
2026-07-01,quarta-feira,2,PH CORUMBA (PF),IFCO,6424,640.0,1
2026-07-01,quarta-feira,2,PH UBAJARA,HB,618,69.0,13
2026-07-01,quarta-feira,2,PH UBAJARA,HB,623,1.0,1
2026-07-01,quarta-feira,2,PH UBAJARA,IFCO,6416,52.0,9
2026-07-01,quarta-feira,2,PH UBAJARA,IFCO,6424,34.0,6
2026-07-01,quarta-feira,2,TREB. MINAS,HB,618,413.0,7
2026-07-01,quarta-feira,2,TREB. MINAS,HB,623,2672.0,7
2026-07-01,quarta-feira,2,TREB. MINAS,IFCO,6416,1797.0,31
2026-07-01,quarta-feira,2,TREB. MINAS,IFCO,6424,936.0,18
2026-07-02,quinta-feira,3,AGROINDUSTRIA TREBESCHI,HB,618,279.0,5
2026-07-02,quinta-feira,3,AGROINDUSTRIA TREBESCHI,IFCO,6424,40.0,1
2026-07-02,quinta-feira,3,PH CORUMBA (PF),HB,623,1540.0,2
2026-07-02,quinta-feira,3,PH CORUMBA (PF),IFCO,6424,41.0,1
2026-07-02,quinta-feira,3,PH UBAJARA,HB,618,55.0,4
2026-07-02,quinta-feira,3,PH UBAJARA,IFCO,6416,319.0,45
2026-07-02,quinta-feira,3,PH UBAJARA,IFCO,6424,188.0,17
2026-07-02,quinta-feira,3,TREB. CEARA,IFCO,6416,42.0,5
2026-07-02,quinta-feira,3,TREB. MINAS,HB,618,428.0,35
2026-07-02,quinta-feira,3,TREB. MINAS,HB,623,2768.0,8
2026-07-02,quinta-feira,3,TREB. MINAS,IFCO,6416,27.0,4
2026-07-02,quinta-feira,3,TREB. MINAS,IFCO,6424,1037.0,7
2026-07-03,sexta-feira,4,AGROINDUSTRIA TREBESCHI,HB,618,46.0,3
2026-07-03,sexta-feira,4,PH CASCAVEL,IFCO,6424,880.0,1
2026-07-03,sexta-feira,4,PH CORUMBA (PF),HB,623,690.0,1
2026-07-03,sexta-feira,4,PH UBAJARA,IFCO,6416,15.0,1
2026-07-03,sexta-feira,4,PH UBAJARA,IFCO,6424,195.0,13
2026-07-03,sexta-feira,4,TREB. MINAS,HB,618,364.0,5
2026-07-03,sexta-feira,4,TREB. MINAS,HB,623,1323.0,4
2026-07-03,sexta-feira,4,TREB. MINAS,IFCO,6416,468.0,5
2026-07-03,sexta-feira,4,TREB. MINAS,IFCO,6424,640.0,2
2026-07-04,sábado,5,AGROINDUSTRIA TREBESCHI,HB,618,18.0,3
2026-07-04,sábado,5,AGROINDUSTRIA TREBESCHI,HB,623,7.0,1
2026-07-04,sábado,5,AGROINDUSTRIA TREBESCHI,IFCO,6424,80.0,1
2026-07-04,sábado,5,PH CASCAVEL,IFCO,6424,880.0,3
2026-07-04,sábado,5,PH UBAJARA,HB,618,343.0,38
2026-07-04,sábado,5,PH UBAJARA,HB,623,35.0,7
2026-07-04,sábado,5,PH UBAJARA,IFCO,6416,110.0,27
2026-07-04,sábado,5,PH UBAJARA,IFCO,6424,373.0,37
2026-07-04,sábado,5,TREB. CEARA,HB,618,19.0,2
2026-07-04,sábado,5,TREB. MINAS,HB,618,677.0,33
2026-07-04,sábado,5,TREB. MINAS,HB,623,2017.0,14
2026-07-04,sábado,5,TREB. MINAS,IFCO,6416,404.0,22
2026-07-04,sábado,5,TREB. MINAS,IFCO,6424,80.0,1
2026-07-06,segunda-feira,0,AGROINDUSTRIA TREBESCHI,HB,618,400.0,2
2026-07-06,segunda-feira,0,AGROINDUSTRIA TREBESCHI,HB,623,71.0,3
2026-07-06,segunda-feira,0,PH UBAJARA,IFCO,6416,447.0,193
2026-07-06,segunda-feira,0,PH UBAJARA,IFCO,6424,235.0,63
2026-07-06,segunda-feira,0,TREB. CEARA,IFCO,6416,67.0,4
2026-07-06,segunda-feira,0,TREB. MINAS,HB,618,336.0,8
2026-07-06,segunda-feira,0,TREB. MINAS,HB,623,676.0,30
2026-07-06,segunda-feira,0,TREB. MINAS,HB,NAO_INFORMADO,33.0,6
2026-07-06,segunda-feira,0,TREB. MINAS,IFCO,6416,186.0,5
2026-07-07,terça-feira,1,AGROINDUSTRIA TREBESCHI,HB,618,54.0,3
2026-07-07,terça-feira,1,PH CASCAVEL,IFCO,6424,240.0,2
2026-07-07,terça-feira,1,PH CORUMBA (PF),IFCO,6424,480.0,1
2026-07-07,terça-feira,1,PH UBAJARA,HB,618,108.0,13
2026-07-07,terça-feira,1,PH UBAJARA,HB,623,41.0,6
2026-07-07,terça-feira,1,PH UBAJARA,IFCO,6416,57.0,24
2026-07-07,terça-feira,1,PH UBAJARA,IFCO,6424,97.0,28
2026-07-07,terça-feira,1,TREB. CEARA,HB,618,18.0,1
2026-07-07,terça-feira,1,TREB. CEARA,IFCO,6424,28.0,3
2026-07-07,terça-feira,1,TREB. MINAS,HB,618,390.0,24
2026-07-07,terça-feira,1,TREB. MINAS,HB,623,1965.0,11
2026-07-07,terça-feira,1,TREB. MINAS,IFCO,6416,40.0,2
2026-07-07,terça-feira,1,TREB. MINAS,IFCO,6424,80.0,1
2026-07-08,quarta-feira,2,AGROINDUSTRIA TREBESCHI,HB,618,65.0,3
2026-07-08,quarta-feira,2,AGROINDUSTRIA TREBESCHI,IFCO,6416,7.0,2
2026-07-08,quarta-feira,2,AGROINDUSTRIA TREBESCHI,IFCO,6424,9.0,1
2026-07-08,quarta-feira,2,PH CORUMBA (PF),IFCO,6424,480.0,1
2026-07-08,quarta-feira,2,PH UBAJARA,HB,618,146.0,14
2026-07-08,quarta-feira,2,PH UBAJARA,HB,623,1.0,1
2026-07-08,quarta-feira,2,PH UBAJARA,IFCO,6416,235.0,21
2026-07-08,quarta-feira,2,PH UBAJARA,IFCO,6424,214.0,19
2026-07-08,quarta-feira,2,TREB. CEARA,HB,618,7.0,2
2026-07-08,quarta-feira,2,TREB. CEARA,IFCO,6416,13.0,5
2026-07-08,quarta-feira,2,TREB. MINAS,HB,618,473.0,7
2026-07-08,quarta-feira,2,TREB. MINAS,HB,623,75.0,4
2026-07-08,quarta-feira,2,TREB. MINAS,IFCO,6416,208.0,33
2026-07-08,quarta-feira,2,TREB. MINAS,IFCO,6424,955.0,15
2026-07-09,quinta-feira,3,AGROINDUSTRIA TREBESCHI,HB,618,56.0,3
2026-07-09,quinta-feira,3,PH CASCAVEL,IFCO,6424,1120.0,2
2026-07-09,quinta-feira,3,PH CORUMBA (PF),HB,623,360.0,1
2026-07-09,quinta-feira,3,PH CORUMBA (PF),IFCO,6424,50.0,1
2026-07-09,quinta-feira,3,PH UBAJARA,IFCO,6416,140.0,37
2026-07-09,quinta-feira,3,PH UBAJARA,IFCO,6424,7.0,5
2026-07-09,quinta-feira,3,TREB. CEARA,IFCO,6416,1.0,1
2026-07-09,quinta-feira,3,TREB. MINAS,HB,618,372.0,23
2026-07-09,quinta-feira,3,TREB. MINAS,HB,623,4102.0,8
2026-07-09,quinta-feira,3,TREB. MINAS,IFCO,6416,26.0,4
2026-07-09,quinta-feira,3,TREB. MINAS,IFCO,6424,195.0,6
2026-07-10,sexta-feira,4,AGROINDUSTRIA TREBESCHI,HB,618,46.0,3
2026-07-10,sexta-feira,4,AGROINDUSTRIA TREBESCHI,IFCO,6416,80.0,2
2026-07-10,sexta-feira,4,PH CASCAVEL,HB,623,280.0,1
2026-07-10,sexta-feira,4,PH CASCAVEL,IFCO,6424,880.0,1
2026-07-10,sexta-feira,4,PH CORUMBA (PF),HB,623,1260.0,1
2026-07-10,sexta-feira,4,TREB. MINAS,HB,618,261.0,7
2026-07-10,sexta-feira,4,TREB. MINAS,HB,623,2574.0,6
2026-07-10,sexta-feira,4,TREB. MINAS,IFCO,6416,398.0,4
2026-07-10,sexta-feira,4,TREB. MINAS,IFCO,6424,1280.1333333333332,5
2026-07-11,sábado,5,AGROINDUSTRIA TREBESCHI,HB,618,70.0,3
2026-07-11,sábado,5,AGROINDUSTRIA TREBESCHI,HB,623,9.0,1
2026-07-11,sábado,5,AGROINDUSTRIA TREBESCHI,IFCO,6424,40.0,1
2026-07-11,sábado,5,PH CASCAVEL,IFCO,6424,1120.0,3
2026-07-11,sábado,5,PH CORUMBA (PF),IFCO,6424,560.0,2
2026-07-11,sábado,5,PH UBAJARA,HB,618,401.0,42
2026-07-11,sábado,5,PH UBAJARA,HB,623,48.0,7
2026-07-11,sábado,5,PH UBAJARA,IFCO,6416,213.0,58
2026-07-11,sábado,5,PH UBAJARA,IFCO,6424,306.0,45
2026-07-11,sábado,5,TREB. CEARA,HB,618,29.0,3
2026-07-11,sábado,5,TREB. CEARA,IFCO,6424,25.0,1
2026-07-11,sábado,5,TREB. MINAS,HB,618,440.0,8
2026-07-11,sábado,5,TREB. MINAS,HB,623,1465.0,6
2026-07-11,sábado,5,TREB. MINAS,IFCO,6416,508.0,22
2026-07-11,sábado,5,TREB. MINAS,IFCO,6424,810.0,3
2026-07-13,segunda-feira,0,PH CORUMBA (PF),IFCO,6424,520.0,1
2026-07-13,segunda-feira,0,PH UBAJARA,IFCO,6416,127.0,15
2026-07-13,segunda-feira,0,PH UBAJARA,IFCO,6424,79.0,8
2026-07-13,segunda-feira,0,TREB. CEARA,IFCO,6416,90.0,4
2026-07-13,segunda-feira,0,TREB. MINAS,HB,618,402.0,7
2026-07-13,segunda-feira,0,TREB. MINAS,HB,623,785.0,5
2026-07-13,segunda-feira,0,TREB. MINAS,IFCO,6416,150.0,9
2026-07-13,segunda-feira,0,TREB. MINAS,IFCO,6424,964.0,7
2026-07-14,terça-feira,1,AGROINDUSTRIA TREBESCHI,HB,618,300.0,1
2026-07-14,terça-feira,1,AGROINDUSTRIA TREBESCHI,IFCO,6424,30.0,1
2026-07-14,terça-feira,1,PH CASCAVEL,HB,623,120.0,1
2026-07-14,terça-feira,1,PH CASCAVEL,IFCO,6424,530.0,6
2026-07-14,terça-feira,1,PH CORUMBA (PF),HB,623,690.0,1
2026-07-14,terça-feira,1,PH CORUMBA (PF),IFCO,6424,640.0,2
2026-07-14,terça-feira,1,PH UBAJARA,HB,618,184.0,15
2026-07-14,terça-feira,1,PH UBAJARA,HB,623,51.0,6
2026-07-14,terça-feira,1,PH UBAJARA,IFCO,6416,32.0,9
2026-07-14,terça-feira,1,PH UBAJARA,IFCO,6424,446.0,41
2026-07-14,terça-feira,1,TREB. CEARA,HB,618,16.0,1
2026-07-14,terça-feira,1,TREB. MINAS,HB,618,519.0,17
2026-07-14,terça-feira,1,TREB. MINAS,HB,623,822.0,18
2026-07-14,terça-feira,1,TREB. MINAS,HB,NAO_INFORMADO,30.0,5
2026-07-14,terça-feira,1,TREB. MINAS,IFCO,6416,382.0,6
2026-07-14,terça-feira,1,TREB. MINAS,IFCO,6424,520.0,2
2026-07-15,quarta-feira,2,AGROINDUSTRIA TREBESCHI,HB,618,63.0,3
2026-07-15,quarta-feira,2,AGROINDUSTRIA TREBESCHI,IFCO,6416,8.0,4
2026-07-15,quarta-feira,2,AGROINDUSTRIA TREBESCHI,IFCO,6424,48.0,2
2026-07-15,quarta-feira,2,PH CASCAVEL,IFCO,6424,1520.0,3
2026-07-15,quarta-feira,2,PH CORUMBA (PF),IFCO,6424,640.0,1
2026-07-15,quarta-feira,2,PH UBAJARA,HB,618,128.0,13
2026-07-15,quarta-feira,2,PH UBAJARA,IFCO,6416,60.0,4
2026-07-15,quarta-feira,2,PH UBAJARA,IFCO,6424,645.0,38
2026-07-15,quarta-feira,2,TREB. CEARA,HB,618,8.0,2
2026-07-15,quarta-feira,2,TREB. CEARA,IFCO,6424,15.0,2
2026-07-15,quarta-feira,2,TREB. MINAS,HB,618,457.0,7
2026-07-15,quarta-feira,2,TREB. MINAS,HB,623,1031.0,7
2026-07-15,quarta-feira,2,TREB. MINAS,IFCO,6416,2058.0,34
2026-07-15,quarta-feira,2,TREB. MINAS,IFCO,6424,342.0,10
2026-07-16,quinta-feira,3,AGROINDUSTRIA TREBESCHI,HB,618,57.0,5
2026-07-16,quinta-feira,3,AGROINDUSTRIA TREBESCHI,IFCO,6416,50.0,2
2026-07-16,quinta-feira,3,AGROINDUSTRIA TREBESCHI,IFCO,6424,200.0,1
2026-07-16,quinta-feira,3,PH CORUMBA (PF),HB,623,540.0,1
2026-07-16,quinta-feira,3,PH CORUMBA (PF),IFCO,6424,65.0,1
2026-07-16,quinta-feira,3,PH UBAJARA,IFCO,6416,357.0,49
2026-07-16,quinta-feira,3,PH UBAJARA,IFCO,6424,204.0,13
2026-07-16,quinta-feira,3,TREB. CEARA,IFCO,6416,71.0,5
2026-07-16,quinta-feira,3,TREB. MINAS,HB,618,571.0,33
2026-07-16,quinta-feira,3,TREB. MINAS,HB,623,2546.0,11
2026-07-16,quinta-feira,3,TREB. MINAS,IFCO,6424,1841.0,6
2026-07-17,sexta-feira,4,AGROINDUSTRIA TREBESCHI,HB,618,56.0,3
2026-07-17,sexta-feira,4,PH CASCAVEL,HB,623,200.0,1
2026-07-17,sexta-feira,4,PH CORUMBA (PF),HB,623,900.0,1
2026-07-17,sexta-feira,4,PH UBAJARA,IFCO,6416,66.0,20
2026-07-17,sexta-feira,4,PH UBAJARA,IFCO,6424,19.0,17
2026-07-17,sexta-feira,4,TREB. MINAS,HB,618,351.0,5
2026-07-17,sexta-feira,4,TREB. MINAS,HB,623,2610.0,4
2026-07-17,sexta-feira,4,TREB. MINAS,IFCO,6416,390.0,4
2026-07-18,sábado,5,AGROINDUSTRIA TREBESCHI,HB,618,37.0,4
2026-07-18,sábado,5,PH ALHO/CEBOLA,IFCO,6424,120.0,2
2026-07-18,sábado,5,PH CASCAVEL,HB,623,160.0,1
2026-07-18,sábado,5,PH CASCAVEL,IFCO,6424,410.0,3
2026-07-18,sábado,5,PH UBAJARA,HB,618,361.0,40
2026-07-18,sábado,5,PH UBAJARA,HB,623,53.0,7
2026-07-18,sábado,5,PH UBAJARA,IFCO,6416,57.0,33
2026-07-18,sábado,5,PH UBAJARA,IFCO,6424,119.0,35
2026-07-18,sábado,5,TREB. CEARA,HB,618,7.0,3
2026-07-18,sábado,5,TREB. CEARA,IFCO,6416,3.0,1
2026-07-18,sábado,5,TREB. MINAS,HB,618,811.0,28
2026-07-18,sábado,5,TREB. MINAS,HB,623,3085.0,27
2026-07-18,sábado,5,TREB. MINAS,HB,NAO_INFORMADO,114.0,6
2026-07-18,sábado,5,TREB. MINAS,IFCO,6416,497.0,23
2026-07-18,sábado,5,TREB. MINAS,IFCO,6424,2140.0,2
2026-07-20,segunda-feira,0,AGROINDUSTRIA TREBESCHI,HB,618,10.0,3
2026-07-20,segunda-feira,0,PH CASCAVEL,IFCO,6424,920.0,2
2026-07-20,segunda-feira,0,PH CORUMBA (PF),HB,623,720.0,1
2026-07-20,segunda-feira,0,PH UBAJARA,HB,618,68.0,4
2026-07-20,segunda-feira,0,PH UBAJARA,IFCO,6416,225.0,34
2026-07-20,segunda-feira,0,PH UBAJARA,IFCO,6424,287.0,15
2026-07-20,segunda-feira,0,TREB. CEARA,IFCO,6416,32.0,4
2026-07-20,segunda-feira,0,TREB. MINAS,HB,618,669.0,25
2026-07-20,segunda-feira,0,TREB. MINAS,HB,623,380.0,7
2026-07-20,segunda-feira,0,TREB. MINAS,HB,NAO_INFORMADO,96.0,4
2026-07-20,segunda-feira,0,TREB. MINAS,IFCO,6416,216.0,6
2026-07-21,terça-feira,1,AGROINDUSTRIA TREBESCHI,HB,618,26.0,4
2026-07-21,terça-feira,1,PH CASCAVEL,HB,623,400.0,1
2026-07-21,terça-feira,1,PH CASCAVEL,IFCO,6424,250.0,2
2026-07-21,terça-feira,1,PH CORUMBA (PF),IFCO,6424,575.0,3
2026-07-21,terça-feira,1,PH UBAJARA,HB,618,119.0,14
2026-07-21,terça-feira,1,PH UBAJARA,HB,623,42.0,6
2026-07-21,terça-feira,1,PH UBAJARA,IFCO,6416,30.0,20
2026-07-21,terça-feira,1,PH UBAJARA,IFCO,6424,113.0,30
2026-07-21,terça-feira,1,TREB. CEARA,HB,618,11.0,1
2026-07-21,terça-feira,1,TREB. CEARA,IFCO,6424,1.0,1
2026-07-21,terça-feira,1,TREB. MINAS,HB,618,426.0,25
2026-07-21,terça-feira,1,TREB. MINAS,HB,623,1562.0,10
2026-07-21,terça-feira,1,TREB. MINAS,IFCO,6416,351.0,5
2026-07-21,terça-feira,1,TREB. MINAS,IFCO,6424,636.0,2
2026-07-22,quarta-feira,2,AGROINDUSTRIA TREBESCHI,HB,618,16.0,3
2026-07-22,quarta-feira,2,AGROINDUSTRIA TREBESCHI,IFCO,6416,6.0,1
2026-07-22,quarta-feira,2,PH ALHO/CEBOLA,IFCO,6424,640.0,1
2026-07-22,quarta-feira,2,PH CORUMBA (PF),HB,623,2520.0,2
2026-07-22,quarta-feira,2,PH UBAJARA,HB,618,82.0,13
2026-07-22,quarta-feira,2,PH UBAJARA,HB,NAO_INFORMADO,2.0,1
2026-07-22,quarta-feira,2,PH UBAJARA,IFCO,6416,161.0,15
2026-07-22,quarta-feira,2,PH UBAJARA,IFCO,6424,206.0,12
2026-07-22,quarta-feira,2,TREB. CEARA,HB,618,5.0,2
2026-07-22,quarta-feira,2,TREB. CEARA,IFCO,6416,105.0,4
2026-07-22,quarta-feira,2,TREB. MINAS,HB,618,334.0,7
2026-07-22,quarta-feira,2,TREB. MINAS,HB,623,160.0,4
2026-07-22,quarta-feira,2,TREB. MINAS,IFCO,6416,4011.0,35
2026-07-22,quarta-feira,2,TREB. MINAS,IFCO,6424,1952.0,19
2026-07-23,quinta-feira,3,AGROINDUSTRIA TREBESCHI,HB,618,17.0,4
2026-07-23,quinta-feira,3,PH CASCAVEL,IFCO,6424,640.0,2
2026-07-23,quinta-feira,3,PH CORUMBA (PF),HB,623,1900.0,3
2026-07-23,quinta-feira,3,PH CORUMBA (PF),IFCO,6424,20.0,1
2026-07-23,quinta-feira,3,PH UBAJARA,IFCO,6416,156.0,33
2026-07-23,quinta-feira,3,PH UBAJARA,IFCO,6424,82.0,8
2026-07-23,quinta-feira,3,TREB. CEARA,IFCO,6416,1.0,1
2026-07-23,quinta-feira,3,TREB. MINAS,HB,618,845.0,42
2026-07-23,quinta-feira,3,TREB. MINAS,HB,623,5272.0,13
2026-07-23,quinta-feira,3,TREB. MINAS,IFCO,6416,26.0,6
2026-07-23,quinta-feira,3,TREB. MINAS,IFCO,6424,1520.0,5
2026-07-24,sexta-feira,4,AGROINDUSTRIA TREBESCHI,HB,618,12.0,3
2026-07-24,sexta-feira,4,PH CASCAVEL,HB,623,160.0,1
2026-07-24,sexta-feira,4,PH CORUMBA (PF),IFCO,6424,3360.0,3
2026-07-24,sexta-feira,4,PH UBAJARA,IFCO,6416,132.0,26
2026-07-24,sexta-feira,4,PH UBAJARA,IFCO,6424,94.0,14
2026-07-24,sexta-feira,4,TREB. MINAS,HB,618,426.0,8
2026-07-24,sexta-feira,4,TREB. MINAS,HB,623,1768.0,6
2026-07-24,sexta-feira,4,TREB. MINAS,IFCO,6416,296.0,4
2026-07-24,sexta-feira,4,TREB. MINAS,IFCO,6424,1120.0,1
2026-07-25,sábado,5,AGROINDUSTRIA TREBESCHI,HB,618,18.0,4
2026-07-25,sábado,5,AGROINDUSTRIA TREBESCHI,HB,623,20.0,2
2026-07-25,sábado,5,AGROINDUSTRIA TREBESCHI,IFCO,6416,2.0,2
2026-07-25,sábado,5,PH CASCAVEL,IFCO,6424,250.0,2
2026-07-25,sábado,5,PH UBAJARA,HB,618,408.0,50
2026-07-25,sábado,5,PH UBAJARA,HB,623,46.0,8
2026-07-25,sábado,5,PH UBAJARA,IFCO,6416,14.0,6
2026-07-25,sábado,5,PH UBAJARA,IFCO,6424,232.0,28
2026-07-25,sábado,5,TREB. CEARA,HB,618,36.0,3
2026-07-25,sábado,5,TREB. MINAS,HB,618,935.0,39
2026-07-25,sábado,5,TREB. MINAS,HB,623,3142.0,38
2026-07-25,sábado,5,TREB. MINAS,HB,NAO_INFORMADO,39.0,7
2026-07-25,sábado,5,TREB. MINAS,IFCO,6416,444.0,35
2026-07-25,sábado,5,TREB. MINAS,IFCO,6424,100.0,1
2026-07-27,segunda-feira,0,AGROINDUSTRIA TREBESCHI,HB,618,73.0,4
2026-07-27,segunda-feira,0,PH CASCAVEL,IFCO,6424,1040.0,3
2026-07-27,segunda-feira,0,PH UBAJARA,HB,623,40.0,1
2026-07-27,segunda-feira,0,PH UBAJARA,IFCO,6416,286.0,97
2026-07-27,segunda-feira,0,PH UBAJARA,IFCO,6424,141.0,45
2026-07-27,segunda-feira,0,TREB. CEARA,IFCO,6416,41.0,4
2026-07-27,segunda-feira,0,TREB. MINAS,HB,618,535.0,9
2026-07-27,segunda-feira,0,TREB. MINAS,HB,623,1155.0,5
2026-07-27,segunda-feira,0,TREB. MINAS,IFCO,6416,186.0,4
2026-07-27,segunda-feira,0,TREB. MINAS,IFCO,6424,850.0,2
2026-07-28,terça-feira,1,AGROINDUSTRIA TREBESCHI,HB,618,82.0,6
2026-07-28,terça-feira,1,AGROINDUSTRIA TREBESCHI,IFCO,6424,20.0,1
2026-07-28,terça-feira,1,PH CASCAVEL,IFCO,6424,240.0,2
2026-07-28,terça-feira,1,PH CORUMBA (PF),HB,623,720.0,1
2026-07-28,terça-feira,1,PH CORUMBA (PF),IFCO,6424,54.0,1
2026-07-28,terça-feira,1,PH UBAJARA,HB,618,162.0,15
2026-07-28,terça-feira,1,PH UBAJARA,HB,623,59.0,6
2026-07-28,terça-feira,1,PH UBAJARA,IFCO,6416,38.0,9
2026-07-28,terça-feira,1,PH UBAJARA,IFCO,6424,192.0,25
2026-07-28,terça-feira,1,TREB. CEARA,HB,618,13.0,1
2026-07-28,terça-feira,1,TREB. CEARA,IFCO,6424,0.0,1
2026-07-28,terça-feira,1,TREB. MINAS,HB,618,610.0,36
2026-07-28,terça-feira,1,TREB. MINAS,HB,623,570.0,11
2026-07-28,terça-feira,1,TREB. MINAS,IFCO,6416,344.0,5
2026-07-28,terça-feira,1,TREB. MINAS,IFCO,6424,640.0,1
2026-07-29,quarta-feira,2,AGROINDUSTRIA TREBESCHI,HB,618,26.0,4
2026-07-29,quarta-feira,2,AGROINDUSTRIA TREBESCHI,IFCO,6416,3.0,1
2026-07-29,quarta-feira,2,AGROINDUSTRIA TREBESCHI,IFCO,6424,6.0,1
2026-07-29,quarta-feira,2,PH CASCAVEL,HB,623,320.0,1
2026-07-29,quarta-feira,2,PH CASCAVEL,IFCO,6424,640.0,1
2026-07-29,quarta-feira,2,PH SUL (PF),IFCO,6424,170.0,1
2026-07-29,quarta-feira,2,PH UBAJARA,HB,618,116.0,14
2026-07-29,quarta-feira,2,PH UBAJARA,HB,623,3.0,1
2026-07-29,quarta-feira,2,PH UBAJARA,IFCO,6416,177.0,22
2026-07-29,quarta-feira,2,PH UBAJARA,IFCO,6424,252.0,19
2026-07-29,quarta-feira,2,TREB. CEARA,IFCO,6416,55.0,4
2026-07-29,quarta-feira,2,TREB. MINAS,HB,618,505.0,6
2026-07-29,quarta-feira,2,TREB. MINAS,HB,623,2040.0,5
2026-07-29,quarta-feira,2,TREB. MINAS,IFCO,6416,670.0,30
2026-07-29,quarta-feira,2,TREB. MINAS,IFCO,6424,1658.0,11
2026-07-30,quinta-feira,3,AGROINDUSTRIA TREBESCHI,HB,618,54.0,3
2026-07-30,quinta-feira,3,AGROINDUSTRIA TREBESCHI,IFCO,6416,120.0,2
2026-07-30,quinta-feira,3,PH CORUMBA (PF),HB,623,690.0,1
2026-07-30,quinta-feira,3,PH CORUMBA (PF),IFCO,6424,50.0,1
2026-07-30,quinta-feira,3,PH SUL (PF),IFCO,6424,113.0,5
2026-07-30,quinta-feira,3,PH UBAJARA,IFCO,6416,268.0,137
2026-07-30,quinta-feira,3,PH UBAJARA,IFCO,6424,67.0,25
2026-07-30,quinta-feira,3,TREB. MINAS,HB,618,349.0,17
2026-07-30,quinta-feira,3,TREB. MINAS,HB,623,3062.0,10
2026-07-30,quinta-feira,3,TREB. MINAS,IFCO,6424,1460.0,3
2026-07-31,sexta-feira,4,AGROINDUSTRIA TREBESCHI,HB,618,34.0,3
2026-07-31,sexta-feira,4,PH CASCAVEL,IFCO,6424,640.0,2
2026-07-31,sexta-feira,4,PH SUL (PF),IFCO,6424,41.0,2
2026-07-31,sexta-feira,4,PH UBAJARA,HB,623,1.0,1
2026-07-31,sexta-feira,4,PH UBAJARA,IFCO,6416,155.0,40
2026-07-31,sexta-feira,4,PH UBAJARA,IFCO,6424,521.0,65
2026-07-31,sexta-feira,4,TREB. MINAS,HB,618,227.0,8
2026-07-31,sexta-feira,4,TREB. MINAS,HB,623,3608.0,7
2026-07-31,sexta-feira,4,TREB. MINAS,IFCO,6416,402.0,4
2026-07-31,sexta-feira,4,TREB. MINAS,IFCO,6424,640.0,2
2026-08-01,sábado,5,AGROINDUSTRIA TREBESCHI,HB,618,22.0,7
2026-08-01,sábado,5,AGROINDUSTRIA TREBESCHI,HB,623,14.0,1
2026-08-01,sábado,5,AGROINDUSTRIA TREBESCHI,IFCO,6424,20.0,1
2026-08-01,sábado,5,PH CASCAVEL,IFCO,6424,850.0,3
2026-08-01,sábado,5,PH CORUMBA (PF),HB,623,690.0,1
2026-08-01,sábado,5,PH CORUMBA (PF),IFCO,6424,300.0,2
2026-08-01,sábado,5,PH SUL (PF),IFCO,6424,280.0,8
2026-08-01,sábado,5,PH UBAJARA,HB,618,314.0,39
2026-08-01,sábado,5,PH UBAJARA,HB,623,26.0,6
2026-08-01,sábado,5,PH UBAJARA,IFCO,6416,10.0,6
2026-08-01,sábado,5,PH UBAJARA,IFCO,6424,270.0,27
2026-08-01,sábado,5,TREB. CEARA,HB,618,56.0,5
2026-08-01,sábado,5,TREB. MINAS,HB,618,899.0,30
2026-08-01,sábado,5,TREB. MINAS,HB,623,2874.0,22
2026-08-01,sábado,5,TREB. MINAS,HB,NAO_INFORMADO,14.0,2
2026-08-01,sábado,5,TREB. MINAS,IFCO,6416,333.0,22
2026-08-01,sábado,5,TREB. MINAS,IFCO,6424,300.0,1
2026-08-03,segunda-feira,0,AGROINDUSTRIA TREBESCHI,HB,618,47.0,4
2026-08-03,segunda-feira,0,PH CASCAVEL,IFCO,6424,880.0,1
2026-08-03,segunda-feira,0,PH SUL (PF),IFCO,6424,72.0,5
2026-08-03,segunda-feira,0,PH UBAJARA,IFCO,6416,90.0,13
2026-08-03,segunda-feira,0,PH UBAJARA,IFCO,6424,156.0,14
2026-08-03,segunda-feira,0,TREB. CEARA,IFCO,6416,19.0,3
2026-08-03,segunda-feira,0,TREB. MINAS,HB,618,766.0,29
2026-08-03,segunda-feira,0,TREB. MINAS,HB,623,905.0,5
2026-08-03,segunda-feira,0,TREB. MINAS,IFCO,6416,192.0,2
2026-08-04,terça-feira,1,AGROINDUSTRIA TREBESCHI,HB,618,16.0,3
2026-08-04,terça-feira,1,AGROINDUSTRIA TREBESCHI,IFCO,6424,20.0,1
2026-08-04,terça-feira,1,PH CASCAVEL,HB,623,200.0,1
2026-08-04,terça-feira,1,PH CASCAVEL,IFCO,6424,1100.0,3
2026-08-04,terça-feira,1,PH SUL (PF),IFCO,6424,124.0,6
2026-08-04,terça-feira,1,PH UBAJARA,HB,618,171.0,17
2026-08-04,terça-feira,1,PH UBAJARA,HB,623,26.0,4
2026-08-04,terça-feira,1,PH UBAJARA,IFCO,6416,35.0,22
2026-08-04,terça-feira,1,PH UBAJARA,IFCO,6424,214.0,31
2026-08-04,terça-feira,1,TREB. MINAS,HB,618,638.0,33
2026-08-04,terça-feira,1,TREB. MINAS,HB,623,1011.0,12
2026-08-04,terça-feira,1,TREB. MINAS,IFCO,6416,326.0,5
2026-08-05,quarta-feira,2,AGROINDUSTRIA TREBESCHI,HB,618,16.0,3
2026-08-05,quarta-feira,2,AGROINDUSTRIA TREBESCHI,IFCO,6416,19.0,4
2026-08-05,quarta-feira,2,AGROINDUSTRIA TREBESCHI,IFCO,6424,46.0,2
2026-08-05,quarta-feira,2,PH CASCAVEL,IFCO,6424,60.0,2
2026-08-05,quarta-feira,2,PH SUL (PF),IFCO,6424,67.0,2
2026-08-05,quarta-feira,2,PH UBAJARA,HB,618,128.0,14
2026-08-05,quarta-feira,2,PH UBAJARA,HB,623,2.0,1
2026-08-05,quarta-feira,2,PH UBAJARA,IFCO,6424,35.0,3
2026-08-05,quarta-feira,2,TREB. CEARA,HB,618,6.0,2
2026-08-05,quarta-feira,2,TREB. MINAS,HB,618,610.0,8
2026-08-05,quarta-feira,2,TREB. MINAS,HB,623,175.0,4
2026-08-05,quarta-feira,2,TREB. MINAS,IFCO,6416,741.0,28
2026-08-05,quarta-feira,2,TREB. MINAS,IFCO,6424,1703.0,10
2026-08-06,quinta-feira,3,AGROINDUSTRIA TREBESCHI,HB,618,13.0,4
2026-08-06,quinta-feira,3,PH CASCAVEL,IFCO,6424,151.0,5
2026-08-06,quinta-feira,3,PH CORUMBA (PF),HB,623,2520.0,2
2026-08-06,quinta-feira,3,PH CORUMBA (PF),IFCO,6424,395.0,2
2026-08-06,quinta-feira,3,PH SUL (PF),IFCO,6424,5.0,1
2026-08-06,quinta-feira,3,PH UBAJARA,HB,618,15.0,1
2026-08-06,quinta-feira,3,PH UBAJARA,IFCO,6416,404.0,62
2026-08-06,quinta-feira,3,PH UBAJARA,IFCO,6424,631.0,56
2026-08-06,quinta-feira,3,TREB. CEARA,IFCO,6416,60.0,3
2026-08-06,quinta-feira,3,TREB. MINAS,HB,618,390.0,16
2026-08-06,quinta-feira,3,TREB. MINAS,HB,623,2302.0,13
2026-08-06,quinta-feira,3,TREB. MINAS,HB,NAO_INFORMADO,50.0,5
2026-08-06,quinta-feira,3,TREB. MINAS,IFCO,6424,1260.0,2
2026-08-07,sexta-feira,4,AGROINDUSTRIA TREBESCHI,HB,618,7.0,4
2026-08-07,sexta-feira,4,PH CORUMBA (PF),HB,623,3210.0,3
2026-08-07,sexta-feira,4,PH UBAJARA,IFCO,6416,131.0,26
2026-08-07,sexta-feira,4,PH UBAJARA,IFCO,6424,55.0,12
2026-08-07,sexta-feira,4,TREB. MINAS,HB,618,635.0,6
2026-08-07,sexta-feira,4,TREB. MINAS,HB,623,3330.0,8
2026-08-07,sexta-feira,4,TREB. MINAS,IFCO,6416,551.0,4
2026-08-07,sexta-feira,4,TREB. MINAS,IFCO,6424,720.0,2
2026-08-08,sábado,5,AGROINDUSTRIA TREBESCHI,HB,618,25.0,6
2026-08-08,sábado,5,AGROINDUSTRIA TREBESCHI,HB,623,14.0,1
2026-08-08,sábado,5,AGROINDUSTRIA TREBESCHI,IFCO,6424,80.0,1
2026-08-08,sábado,5,PH CASCAVEL,IFCO,6424,220.0,2
2026-08-08,sábado,5,PH UBAJARA,HB,618,372.0,43
2026-08-08,sábado,5,PH UBAJARA,HB,623,39.0,7
2026-08-08,sábado,5,PH UBAJARA,IFCO,6416,46.0,33
2026-08-08,sábado,5,PH UBAJARA,IFCO,6424,176.0,33
2026-08-08,sábado,5,TREB. CEARA,HB,618,2.0,1
2026-08-08,sábado,5,TREB. MINAS,HB,618,933.0,31
2026-08-08,sábado,5,TREB. MINAS,HB,623,2118.0,11
2026-08-08,sábado,5,TREB. MINAS,IFCO,6416,315.0,27
2026-08-08,sábado,5,TREB. MINAS,IFCO,6424,400.0,1
2026-08-10,segunda-feira,0,AGROINDUSTRIA TREBESCHI,HB,618,21.0,4
2026-08-10,segunda-feira,0,PH CORUMBA (PF),HB,623,720.0,1
2026-08-10,segunda-feira,0,PH CORUMBA (PF),IFCO,6424,50.0,1
2026-08-10,segunda-feira,0,PH UBAJARA,IFCO,6416,210.0,72
2026-08-10,segunda-feira,0,PH UBAJARA,IFCO,6424,228.0,39
2026-08-10,segunda-feira,0,TREB. CEARA,IFCO,6416,82.0,4
2026-08-10,segunda-feira,0,TREB. MINAS,HB,618,512.0,28
2026-08-10,segunda-feira,0,TREB. MINAS,HB,623,790.0,4
2026-08-10,segunda-feira,0,TREB. MINAS,IFCO,6416,252.0,6
2026-08-10,segunda-feira,0,TREB. MINAS,IFCO,6424,25.0,5
2026-08-11,terça-feira,1,AGROINDUSTRIA TREBESCHI,HB,618,153.0,3
2026-08-11,terça-feira,1,AGROINDUSTRIA TREBESCHI,IFCO,6424,20.0,1
2026-08-11,terça-feira,1,PH CASCAVEL,IFCO,6424,220.0,2
2026-08-11,terça-feira,1,PH CORUMBA (PF),IFCO,6424,50.0,1
2026-08-11,terça-feira,1,PH SUL (PF),HB,623,182.0,3
2026-08-11,terça-feira,1,PH UBAJARA,HB,618,143.0,15
2026-08-11,terça-feira,1,PH UBAJARA,HB,623,36.0,6
2026-08-11,terça-feira,1,PH UBAJARA,IFCO,6416,32.0,16
2026-08-11,terça-feira,1,PH UBAJARA,IFCO,6424,190.0,24
2026-08-11,terça-feira,1,TREB. MINAS,HB,618,403.0,28
2026-08-11,terça-feira,1,TREB. MINAS,HB,623,1910.0,13
2026-08-11,terça-feira,1,TREB. MINAS,IFCO,6416,420.0,6
2026-08-11,terça-feira,1,TREB. MINAS,IFCO,6424,640.0,1
2026-08-12,quarta-feira,2,AGROINDUSTRIA TREBESCHI,HB,618,159.0,3
2026-08-12,quarta-feira,2,AGROINDUSTRIA TREBESCHI,IFCO,6424,14.0,1
2026-08-12,quarta-feira,2,PH CORUMBA (PF),HB,623,690.0,1
2026-08-12,quarta-feira,2,PH CORUMBA (PF),IFCO,6424,1260.0,2
2026-08-12,quarta-feira,2,PH SUL (PF),HB,623,25.0,1
2026-08-12,quarta-feira,2,PH UBAJARA,HB,618,112.0,11
2026-08-12,quarta-feira,2,TREB. CEARA,HB,618,5.0,2
2026-08-12,quarta-feira,2,TREB. MINAS,HB,618,392.0,7
2026-08-12,quarta-feira,2,TREB. MINAS,HB,623,1610.0,5
2026-08-12,quarta-feira,2,TREB. MINAS,IFCO,6416,2035.0,30
2026-08-12,quarta-feira,2,TREB. MINAS,IFCO,6424,1167.0,7
2026-08-13,quinta-feira,3,AGROINDUSTRIA TREBESCHI,HB,618,118.0,4
2026-08-13,quinta-feira,3,AGROINDUSTRIA TREBESCHI,IFCO,6416,4.0,1
2026-08-13,quinta-feira,3,AGROINDUSTRIA TREBESCHI,IFCO,6424,22.0,1
2026-08-13,quinta-feira,3,PH CORUMBA (PF),HB,623,640.0,1
2026-08-13,quinta-feira,3,PH SUL (PF),HB,623,143.0,5
2026-08-13,quinta-feira,3,PH UBAJARA,HB,623,40.0,1
2026-08-13,quinta-feira,3,PH UBAJARA,IFCO,6416,387.0,53
2026-08-13,quinta-feira,3,PH UBAJARA,IFCO,6424,219.0,19
2026-08-13,quinta-feira,3,TREB. CEARA,IFCO,6416,44.0,3
2026-08-13,quinta-feira,3,TREB. MINAS,HB,618,576.0,46
2026-08-13,quinta-feira,3,TREB. MINAS,HB,623,162.0,9
2026-08-13,quinta-feira,3,TREB. MINAS,IFCO,6416,37.0,3
2026-08-13,quinta-feira,3,TREB. MINAS,IFCO,6424,1171.0,7
2026-08-14,sexta-feira,4,AGROINDUSTRIA TREBESCHI,HB,618,118.0,4
2026-08-14,sexta-feira,4,PH CORUMBA (PF),HB,623,640.0,1
2026-08-14,sexta-feira,4,PH SUL (PF),HB,623,166.0,9
2026-08-14,sexta-feira,4,PH UBAJARA,IFCO,6416,165.0,46
2026-08-14,sexta-feira,4,PH UBAJARA,IFCO,6424,29.0,15
2026-08-14,sexta-feira,4,TREB. MINAS,HB,623,1950.0,2
2026-08-14,sexta-feira,4,TREB. MINAS,IFCO,6416,1864.0,5
2026-08-15,sábado,5,AGROINDUSTRIA TREBESCHI,HB,618,74.0,4
2026-08-15,sábado,5,AGROINDUSTRIA TREBESCHI,HB,623,4.0,1
2026-08-15,sábado,5,AGROINDUSTRIA TREBESCHI,IFCO,6424,20.0,1
2026-08-15,sábado,5,PH CASCAVEL,IFCO,6424,220.0,2
2026-08-15,sábado,5,PH CORUMBA (PF),IFCO,6424,1294.0,3
2026-08-15,sábado,5,PH UBAJARA,HB,618,394.0,39
2026-08-15,sábado,5,PH UBAJARA,HB,623,36.0,7
2026-08-15,sábado,5,PH UBAJARA,IFCO,6416,74.0,51
2026-08-15,sábado,5,PH UBAJARA,IFCO,6424,225.0,40
2026-08-15,sábado,5,TREB. CEARA,HB,618,6.0,2
2026-08-15,sábado,5,TREB. MINAS,HB,618,818.0,39
2026-08-15,sábado,5,TREB. MINAS,HB,623,1186.0,31
2026-08-15,sábado,5,TREB. MINAS,HB,NAO_INFORMADO,63.0,7
2026-08-15,sábado,5,TREB. MINAS,IFCO,6416,615.0,31
2026-08-15,sábado,5,TREB. MINAS,IFCO,6424,560.0,2
2026-08-17,segunda-feira,0,AGROINDUSTRIA TREBESCHI,HB,618,169.0,4
2026-08-17,segunda-feira,0,PH SUL (PF),HB,623,156.0,6
2026-08-17,segunda-feira,0,PH UBAJARA,IFCO,6416,279.0,36
2026-08-17,segunda-feira,0,PH UBAJARA,IFCO,6424,704.0,61
2026-08-17,segunda-feira,0,TREB. CEARA,IFCO,6416,64.0,4
2026-08-17,segunda-feira,0,TREB. MINAS,HB,618,779.0,29
2026-08-17,segunda-feira,0,TREB. MINAS,HB,623,336.0,5
2026-08-17,segunda-feira,0,TREB. MINAS,IFCO,6416,209.0,3
2026-08-17,segunda-feira,0,TREB. MINAS,IFCO,6424,200.0,1
2026-08-18,terça-feira,1,AGROINDUSTRIA TREBESCHI,HB,618,71.0,4
2026-08-18,terça-feira,1,AGROINDUSTRIA TREBESCHI,IFCO,6424,20.0,1
2026-08-18,terça-feira,1,PH CASCAVEL,IFCO,6424,220.0,2
2026-08-18,terça-feira,1,PH SUL (PF),HB,623,21.0,4
2026-08-18,terça-feira,1,PH UBAJARA,HB,618,130.0,14
2026-08-18,terça-feira,1,PH UBAJARA,HB,623,56.0,6
2026-08-18,terça-feira,1,PH UBAJARA,IFCO,6416,10.0,9
2026-08-18,terça-feira,1,PH UBAJARA,IFCO,6424,189.0,24
2026-08-18,terça-feira,1,TREB. CEARA,HB,618,52.0,3
2026-08-18,terça-feira,1,TREB. MINAS,HB,618,610.0,17
2026-08-18,terça-feira,1,TREB. MINAS,HB,623,342.0,7
2026-08-18,terça-feira,1,TREB. MINAS,IFCO,6416,385.0,5
2026-08-19,quarta-feira,2,AGROINDUSTRIA TREBESCHI,HB,618,147.0,4
2026-08-19,quarta-feira,2,AGROINDUSTRIA TREBESCHI,IFCO,6416,3.0,1
2026-08-19,quarta-feira,2,AGROINDUSTRIA TREBESCHI,IFCO,6424,27.0,2
2026-08-19,quarta-feira,2,PH SUL (PF),HB,623,276.0,4
2026-08-19,quarta-feira,2,PH UBAJARA,HB,618,82.0,10
2026-08-19,quarta-feira,2,TREB. CEARA,HB,618,3.0,1
2026-08-19,quarta-feira,2,TREB. MINAS,HB,618,520.0,7
2026-08-19,quarta-feira,2,TREB. MINAS,HB,623,915.0,5
2026-08-19,quarta-feira,2,TREB. MINAS,IFCO,6416,681.0,25
2026-08-19,quarta-feira,2,TREB. MINAS,IFCO,6424,2009.0,12
2026-08-20,quinta-feira,3,AGROINDUSTRIA TREBESCHI,HB,618,68.0,5
2026-08-20,quinta-feira,3,PH CORUMBA (PF),HB,623,640.0,1
2026-08-20,quinta-feira,3,PH SUL (PF),IFCO,6424,5.0,1
2026-08-20,quinta-feira,3,PH UBAJARA,IFCO,6416,203.0,36
2026-08-20,quinta-feira,3,PH UBAJARA,IFCO,6424,103.0,14
2026-08-20,quinta-feira,3,TREB. CEARA,IFCO,6416,36.0,4
2026-08-20,quinta-feira,3,TREB. MINAS,HB,618,940.0,39
2026-08-20,quinta-feira,3,TREB. MINAS,HB,623,1707.0,19
2026-08-20,quinta-feira,3,TREB. MINAS,IFCO,6424,1081.0,3
2026-08-21,sexta-feira,4,AGROINDUSTRIA TREBESCHI,HB,618,43.0,3
2026-08-21,sexta-feira,4,PH ALHO/CEBOLA,IFCO,6424,480.0,2
2026-08-21,sexta-feira,4,PH CORUMBA (PF),IFCO,6424,640.0,1
2026-08-21,sexta-feira,4,PH UBAJARA,IFCO,6416,124.0,37
2026-08-21,sexta-feira,4,PH UBAJARA,IFCO,6424,12.0,11
2026-08-21,sexta-feira,4,TREB. MINAS,HB,618,252.0,6
2026-08-21,sexta-feira,4,TREB. MINAS,HB,623,3495.0,8
2026-08-21,sexta-feira,4,TREB. MINAS,IFCO,6416,570.0,3
2026-08-22,sábado,5,AGROINDUSTRIA TREBESCHI,HB,618,130.0,4
2026-08-22,sábado,5,AGROINDUSTRIA TREBESCHI,HB,623,19.0,3
2026-08-22,sábado,5,AGROINDUSTRIA TREBESCHI,IFCO,6424,20.0,1
2026-08-22,sábado,5,PH CASCAVEL,IFCO,6424,220.0,2
2026-08-22,sábado,5,PH CORUMBA (PF),IFCO,6424,640.0,1
2026-08-22,sábado,5,PH UBAJARA,HB,618,347.0,45
2026-08-22,sábado,5,PH UBAJARA,HB,623,16.0,6
2026-08-22,sábado,5,PH UBAJARA,IFCO,6416,130.0,43
2026-08-22,sábado,5,PH UBAJARA,IFCO,6424,266.0,44
2026-08-22,sábado,5,TREB. CEARA,HB,618,2.0,1
2026-08-22,sábado,5,TREB. MINAS,HB,618,718.0,18
2026-08-22,sábado,5,TREB. MINAS,HB,623,708.0,19
2026-08-22,sábado,5,TREB. MINAS,HB,NAO_INFORMADO,12.0,2
2026-08-22,sábado,5,TREB. MINAS,IFCO,6416,666.0,28
2026-08-22,sábado,5,TREB. MINAS,IFCO,6424,637.0,1
2026-08-24,segunda-feira,0,AGROINDUSTRIA TREBESCHI,HB,618,76.0,3
2026-08-24,segunda-feira,0,AGROINDUSTRIA TREBESCHI,IFCO,6424,120.0,1
2026-08-24,segunda-feira,0,PH CORUMBA (PF),IFCO,6424,1280.0,2
2026-08-24,segunda-feira,0,TREB. MINAS,HB,618,450.0,8
2026-08-24,segunda-feira,0,TREB. MINAS,HB,623,1195.0,5
2026-08-24,segunda-feira,0,TREB. MINAS,IFCO,6416,403.0,3
2026-08-24,segunda-feira,0,TREB. MINAS,IFCO,6424,1120.0,2
2026-08-25,terça-feira,1,AGROINDUSTRIA TREBESCHI,HB,618,94.0,4
2026-08-25,terça-feira,1,AGROINDUSTRIA TREBESCHI,IFCO,6424,20.0,1
2026-08-25,terça-feira,1,PH CASCAVEL,IFCO,6424,70.0,1
2026-08-25,terça-feira,1,PH CORUMBA (PF),HB,623,690.0,1
2026-08-25,terça-feira,1,PH CORUMBA (PF),IFCO,6424,640.0,1
2026-08-25,terça-feira,1,PH SUL (PF),HB,623,238.0,4
2026-08-25,terça-feira,1,PH UBAJARA,HB,618,116.0,15
2026-08-25,terça-feira,1,PH UBAJARA,HB,623,55.0,6
2026-08-25,terça-feira,1,PH UBAJARA,IFCO,6416,443.0,212
2026-08-25,terça-feira,1,PH UBAJARA,IFCO,6424,362.0,99
2026-08-25,terça-feira,1,TREB. CEARA,IFCO,6416,128.0,4
2026-08-25,terça-feira,1,TREB. MINAS,HB,618,610.0,18
2026-08-25,terça-feira,1,TREB. MINAS,HB,623,300.0,20
2026-08-25,terça-feira,1,TREB. MINAS,HB,NAO_INFORMADO,12.0,2
2026-08-25,terça-feira,1,TREB. MINAS,IFCO,6416,414.0,5
2026-08-25,terça-feira,1,TREB. MINAS,IFCO,6424,1120.0,2
2026-08-26,quarta-feira,2,AGROINDUSTRIA TREBESCHI,HB,618,94.0,3
2026-08-26,quarta-feira,2,AGROINDUSTRIA TREBESCHI,HB,623,6.0,1
2026-08-26,quarta-feira,2,AGROINDUSTRIA TREBESCHI,IFCO,6416,10.0,4
2026-08-26,quarta-feira,2,AGROINDUSTRIA TREBESCHI,IFCO,6424,16.0,2
2026-08-26,quarta-feira,2,PH CORUMBA (PF),HB,623,720.0,1
2026-08-26,quarta-feira,2,PH SUL (PF),HB,623,65.0,2
2026-08-26,quarta-feira,2,PH UBAJARA,HB,618,106.0,20
2026-08-26,quarta-feira,2,PH UBAJARA,IFCO,6416,40.0,2
2026-08-26,quarta-feira,2,PH UBAJARA,IFCO,6424,371.0,24
2026-08-26,quarta-feira,2,TREB. MINAS,HB,618,333.0,9
2026-08-26,quarta-feira,2,TREB. MINAS,HB,623,240.0,4
2026-08-26,quarta-feira,2,TREB. MINAS,IFCO,6416,835.0,33
2026-08-26,quarta-feira,2,TREB. MINAS,IFCO,6424,2817.0,12
2026-08-27,quinta-feira,3,AGROINDUSTRIA TREBESCHI,HB,618,84.0,4
2026-08-27,quinta-feira,3,PH CORUMBA (PF),IFCO,6424,640.0,1
2026-08-27,quinta-feira,3,PH SUL (PF),HB,623,177.0,6
2026-08-27,quinta-feira,3,PH UBAJARA,IFCO,6416,209.0,27
2026-08-27,quinta-feira,3,PH UBAJARA,IFCO,6424,114.0,11
2026-08-27,quinta-feira,3,TREB. CEARA,IFCO,6416,12.0,1
2026-08-27,quinta-feira,3,TREB. MINAS,HB,618,947.0,34
2026-08-27,quinta-feira,3,TREB. MINAS,HB,623,419.0,8
2026-08-27,quinta-feira,3,TREB. MINAS,IFCO,6416,17.0,2
2026-08-27,quinta-feira,3,TREB. MINAS,IFCO,6424,1443.0,6
2026-08-28,sexta-feira,4,AGROINDUSTRIA TREBESCHI,HB,618,35.0,4
2026-08-28,sexta-feira,4,PH CORUMBA (PF),IFCO,6424,2491.0,4
2026-08-28,sexta-feira,4,PH SUL (PF),HB,623,60.0,3
2026-08-28,sexta-feira,4,PH UBAJARA,IFCO,6416,148.0,41
2026-08-28,sexta-feira,4,PH UBAJARA,IFCO,6424,4.0,4
2026-08-28,sexta-feira,4,TREB. MINAS,HB,618,90.0,5
2026-08-28,sexta-feira,4,TREB. MINAS,HB,623,95.0,3
2026-08-28,sexta-feira,4,TREB. MINAS,IFCO,6416,677.0,4
2026-08-28,sexta-feira,4,TREB. MINAS,IFCO,6424,2238.0,3
2026-08-29,sábado,5,AGROINDUSTRIA TREBESCHI,HB,618,19.0,2
2026-08-29,sábado,5,AGROINDUSTRIA TREBESCHI,IFCO,6416,2.0,2
2026-08-29,sábado,5,AGROINDUSTRIA TREBESCHI,IFCO,6424,20.0,1
2026-08-29,sábado,5,PH CASCAVEL,IFCO,6424,220.0,2
2026-08-29,sábado,5,PH CORUMBA (PF),HB,623,1260.0,1
2026-08-29,sábado,5,PH SUL (PF),HB,623,56.0,3
2026-08-29,sábado,5,PH UBAJARA,HB,618,275.0,40
2026-08-29,sábado,5,PH UBAJARA,HB,623,35.0,6
2026-08-29,sábado,5,PH UBAJARA,IFCO,6416,46.0,25
2026-08-29,sábado,5,PH UBAJARA,IFCO,6424,265.0,55
2026-08-29,sábado,5,TREB. CEARA,HB,618,15.0,3
2026-08-29,sábado,5,TREB. CEARA,IFCO,6424,3.0,2
2026-08-29,sábado,5,TREB. MINAS,HB,618,631.0,15
2026-08-29,sábado,5,TREB. MINAS,HB,623,1411.0,25
2026-08-29,sábado,5,TREB. MINAS,HB,NAO_INFORMADO,40.0,4
2026-08-29,sábado,5,TREB. MINAS,IFCO,6416,492.0,25
2026-08-31,segunda-feira,0,AGROINDUSTRIA TREBESCHI,HB,618,85.0,4
2026-08-31,segunda-feira,0,PH UBAJARA,IFCO,6416,191.0,31
2026-08-31,segunda-feira,0,PH UBAJARA,IFCO,6424,268.0,15
2026-08-31,segunda-feira,0,TREB. CEARA,IFCO,6416,66.0,2
2026-08-31,segunda-feira,0,TREB. MINAS,HB,618,357.0,8
2026-08-31,segunda-feira,0,TREB. MINAS,HB,623,285.0,4
2026-08-31,segunda-feira,0,TREB. MINAS,IFCO,6416,481.0,4
2026-09-01,terça-feira,1,AGROINDUSTRIA TREBESCHI,HB,618,166.0,6
2026-09-01,terça-feira,1,PH CASCAVEL,IFCO,6424,230.0,2
2026-09-01,terça-feira,1,PH CORUMBA (PF),HB,623,1260.0,1
2026-09-01,terça-feira,1,PH UBAJARA,HB,618,104.0,11
2026-09-01,terça-feira,1,PH UBAJARA,HB,623,30.0,5
2026-09-01,terça-feira,1,PH UBAJARA,IFCO,6416,26.0,4
2026-09-01,terça-feira,1,PH UBAJARA,IFCO,6424,494.0,63
2026-09-01,terça-feira,1,TREB. MINAS,HB,618,329.0,15
2026-09-01,terça-feira,1,TREB. MINAS,HB,623,321.0,6
2026-09-01,terça-feira,1,TREB. MINAS,IFCO,6416,623.0,6
2026-09-02,quarta-feira,2,AGROINDUSTRIA TREBESCHI,HB,618,12.0,2
2026-09-02,quarta-feira,2,AGROINDUSTRIA TREBESCHI,IFCO,6416,8.0,1
2026-09-02,quarta-feira,2,F. BICAME,IFCO,6424,403.0,2
2026-09-02,quarta-feira,2,PH CORUMBA (PF),HB,623,1260.0,1
2026-09-02,quarta-feira,2,TREB. MINAS,HB,618,455.0,8
2026-09-02,quarta-feira,2,TREB. MINAS,HB,623,1046.0,15
2026-09-02,quarta-feira,2,TREB. MINAS,IFCO,6416,650.0,32
2026-09-02,quarta-feira,2,TREB. MINAS,IFCO,6424,1050.0,12
2026-09-03,quinta-feira,3,AGROINDUSTRIA TREBESCHI,HB,618,12.0,3
2026-09-03,quinta-feira,3,F. BICAME,IFCO,6424,1537.0,3
2026-09-03,quinta-feira,3,PH CORUMBA (PF),HB,623,360.0,1
2026-09-03,quinta-feira,3,PH CORUMBA (PF),IFCO,6424,960.0,2
2026-09-03,quinta-feira,3,PH UBAJARA,HB,618,118.0,16
2026-09-03,quinta-feira,3,PH UBAJARA,HB,623,2.0,1
2026-09-03,quinta-feira,3,PH UBAJARA,IFCO,6416,188.0,39
2026-09-03,quinta-feira,3,PH UBAJARA,IFCO,6420,5.0,1
2026-09-03,quinta-feira,3,PH UBAJARA,IFCO,6424,159.0,14
2026-09-03,quinta-feira,3,TREB. CEARA,IFCO,6416,9.0,1
2026-09-03,quinta-feira,3,TREB. MINAS,HB,618,637.0,14
2026-09-03,quinta-feira,3,TREB. MINAS,HB,623,2276.0,8
2026-09-03,quinta-feira,3,TREB. MINAS,IFCO,6416,17.0,2
2026-09-03,quinta-feira,3,TREB. MINAS,IFCO,6424,1161.0,11
2026-09-04,sexta-feira,4,AGROINDUSTRIA TREBESCHI,HB,618,47.0,4
2026-09-04,sexta-feira,4,F. BICAME,IFCO,6424,720.0,4
2026-09-04,sexta-feira,4,PH ALHO/CEBOLA,HB,618,3.0,1
2026-09-04,sexta-feira,4,PH CORUMBA (PF),IFCO,6424,240.0,2
2026-09-04,sexta-feira,4,PH UBAJARA,IFCO,6416,126.0,35
2026-09-04,sexta-feira,4,PH UBAJARA,IFCO,6424,6.0,6
2026-09-04,sexta-feira,4,TREB. MINAS,HB,618,390.0,5
2026-09-04,sexta-feira,4,TREB. MINAS,HB,623,940.0,5
2026-09-04,sexta-feira,4,TREB. MINAS,IFCO,6424,5.0,1
2026-09-05,sábado,5,AGROINDUSTRIA TREBESCHI,HB,618,94.0,7
2026-09-05,sábado,5,AGROINDUSTRIA TREBESCHI,HB,623,8.0,1
2026-09-05,sábado,5,AGROINDUSTRIA TREBESCHI,IFCO,6416,7.0,3
2026-09-05,sábado,5,AGROINDUSTRIA TREBESCHI,IFCO,6424,20.0,1
2026-09-05,sábado,5,F. BICAME,IFCO,6424,586.0,3
2026-09-05,sábado,5,PH CORUMBA (PF),IFCO,6424,397.0,1
2026-09-05,sábado,5,PH UBAJARA,HB,618,334.0,39
2026-09-05,sábado,5,PH UBAJARA,HB,623,82.0,6
2026-09-05,sábado,5,PH UBAJARA,IFCO,6424,177.0,47
2026-09-05,sábado,5,TREB. MINAS,HB,618,982.0,23
2026-09-05,sábado,5,TREB. MINAS,HB,623,480.0,7
2026-09-05,sábado,5,TREB. MINAS,IFCO,6416,127.0,22
2026-09-07,segunda-feira,0,TREB. MINAS,HB,618,495.0,7
2026-09-07,segunda-feira,0,TREB. MINAS,HB,623,190.0,3
2026-09-07,segunda-feira,0,TREB. MINAS,IFCO,6416,474.0,6
2026-09-08,terça-feira,1,AGROINDUSTRIA TREBESCHI,HB,618,94.0,4
2026-09-08,terça-feira,1,PH CORUMBA (PF),HB,623,630.0,1
2026-09-08,terça-feira,1,PH UBAJARA,IFCO,6416,279.0,41
2026-09-08,terça-feira,1,PH UBAJARA,IFCO,6424,229.0,20
2026-09-08,terça-feira,1,TREB. CEARA,IFCO,6416,11.0,1
2026-09-08,terça-feira,1,TREB. MINAS,HB,618,474.0,9
2026-09-08,terça-feira,1,TREB. MINAS,HB,623,1950.0,18
2026-09-08,terça-feira,1,TREB. MINAS,IFCO,6416,680.0,6
2026-09-09,quarta-feira,2,AGROINDUSTRIA TREBESCHI,IFCO,6416,5.0,1
2026-09-09,quarta-feira,2,AGROINDUSTRIA TREBESCHI,IFCO,6424,34.0,3
2026-09-09,quarta-feira,2,F. BICAME,IFCO,6424,440.0,1
2026-09-09,quarta-feira,2,PH CORUMBA (PF),IFCO,6424,1170.0,5
2026-09-09,quarta-feira,2,PH UBAJARA,HB,618,165.0,10
2026-09-09,quarta-feira,2,PH UBAJARA,HB,623,35.0,5
2026-09-09,quarta-feira,2,PH UBAJARA,IFCO,6416,6.0,4
2026-09-09,quarta-feira,2,PH UBAJARA,IFCO,6424,200.0,32
2026-09-09,quarta-feira,2,TREB. MINAS,HB,618,551.0,19
2026-09-09,quarta-feira,2,TREB. MINAS,HB,623,190.0,4
2026-09-09,quarta-feira,2,TREB. MINAS,IFCO,6416,1567.0,28
2026-09-09,quarta-feira,2,TREB. MINAS,IFCO,6424,263.0,7
2026-09-10,quinta-feira,3,AGROINDUSTRIA TREBESCHI,HB,618,67.0,4
2026-09-10,quinta-feira,3,PH CORUMBA (PF),HB,623,1950.0,2
2026-09-10,quinta-feira,3,PH CORUMBA (PF),IFCO,6424,900.0,1
2026-09-10,quinta-feira,3,PH UBAJARA,HB,618,117.0,18
2026-09-10,quinta-feira,3,PH UBAJARA,HB,623,46.0,2
2026-09-10,quinta-feira,3,PH UBAJARA,IFCO,6416,352.0,45
2026-09-10,quinta-feira,3,PH UBAJARA,IFCO,6420,8.0,1
2026-09-10,quinta-feira,3,PH UBAJARA,IFCO,6424,107.0,10
2026-09-10,quinta-feira,3,TREB. CEARA,IFCO,6416,30.0,2
2026-09-10,quinta-feira,3,TREB. MINAS,HB,618,639.0,14
2026-09-10,quinta-feira,3,TREB. MINAS,HB,623,77211.0,15
2026-09-10,quinta-feira,3,TREB. MINAS,HB,NAO_INFORMADO,40.0,4
2026-09-10,quinta-feira,3,TREB. MINAS,IFCO,6424,596.0,2
2026-09-11,sexta-feira,4,AGROINDUSTRIA TREBESCHI,HB,618,52.0,3
2026-09-11,sexta-feira,4,AGROINDUSTRIA TREBESCHI,IFCO,6416,80.0,2
2026-09-11,sexta-feira,4,AGROINDUSTRIA TREBESCHI,IFCO,6424,160.0,1
2026-09-11,sexta-feira,4,PH CORUMBA (PF),IFCO,6424,915.0,5
2026-09-11,sexta-feira,4,TREB. MINAS,HB,618,210.0,5
2026-09-11,sexta-feira,4,TREB. MINAS,HB,623,830.0,5
2026-09-11,sexta-feira,4,TREB. MINAS,IFCO,6416,828.0,5
2026-09-11,sexta-feira,4,TREB. MINAS,IFCO,6424,40.0,1
2026-09-12,sábado,5,AGROINDUSTRIA TREBESCHI,HB,618,130.0,7
2026-09-12,sábado,5,AGROINDUSTRIA TREBESCHI,IFCO,6424,20.0,1
2026-09-12,sábado,5,F. BICAME,IFCO,6424,453.0,3
2026-09-12,sábado,5,PH CORUMBA (PF),HB,623,640.0,1
2026-09-12,sábado,5,PH CORUMBA (PF),IFCO,6424,900.0,1
2026-09-12,sábado,5,PH UBAJARA,HB,618,413.0,36
2026-09-12,sábado,5,PH UBAJARA,HB,623,63.0,7
2026-09-12,sábado,5,PH UBAJARA,IFCO,6416,116.0,41
2026-09-12,sábado,5,PH UBAJARA,IFCO,6424,256.0,35
2026-09-12,sábado,5,TREB. MINAS,HB,618,775.0,20
2026-09-12,sábado,5,TREB. MINAS,HB,623,1325.0,9
2026-09-12,sábado,5,TREB. MINAS,IFCO,6416,724.0,23
2026-09-12,sábado,5,TREB. MINAS,IFCO,6424,80.0,1
2026-09-14,segunda-feira,0,F. BICAME,IFCO,6424,680.0,3
2026-09-14,segunda-feira,0,PH CORUMBA (PF),HB,623,630.0,1
2026-09-14,segunda-feira,0,PH CORUMBA (PF),IFCO,6424,850.0,4
2026-09-14,segunda-feira,0,PH UBAJARA,IFCO,6416,40.0,4
2026-09-14,segunda-feira,0,PH UBAJARA,IFCO,6424,513.0,46
2026-09-14,segunda-feira,0,TREB. MINAS,HB,618,405.0,7
2026-09-14,segunda-feira,0,TREB. MINAS,HB,623,860.0,4
2026-09-14,segunda-feira,0,TREB. MINAS,IFCO,6416,494.0,5
2026-09-14,segunda-feira,0,TREB. MINAS,IFCO,6424,240.0,1
2026-09-15,terça-feira,1,AGROINDUSTRIA TREBESCHI,HB,618,45.0,3
2026-09-15,terça-feira,1,AGROINDUSTRIA TREBESCHI,HB,623,22.0,3
2026-09-15,terça-feira,1,PH UBAJARA,HB,618,127.0,11
2026-09-15,terça-feira,1,PH UBAJARA,HB,623,43.0,6
2026-09-15,terça-feira,1,PH UBAJARA,IFCO,6416,24.0,5
2026-09-15,terça-feira,1,PH UBAJARA,IFCO,6424,113.0,26
2026-09-15,terça-feira,1,TREB. CEARA,HB,618,20.0,2
2026-09-15,terça-feira,1,TREB. CEARA,IFCO,6424,3.0,1
2026-09-15,terça-feira,1,TREB. MINAS,HB,618,569.0,34
2026-09-15,terça-feira,1,TREB. MINAS,HB,623,788.0,21
2026-09-15,terça-feira,1,TREB. MINAS,HB,NAO_INFORMADO,4.0,1
2026-09-15,terça-feira,1,TREB. MINAS,IFCO,6416,698.0,7
2026-09-15,terça-feira,1,TREB. MINAS,IFCO,6424,400.0,2
2026-09-16,quarta-feira,2,AGROINDUSTRIA TREBESCHI,HB,623,20.0,1
2026-09-16,quarta-feira,2,AGROINDUSTRIA TREBESCHI,IFCO,6416,4.0,1
2026-09-16,quarta-feira,2,AGROINDUSTRIA TREBESCHI,IFCO,6424,43.0,3
2026-09-16,quarta-feira,2,PH CORUMBA (PF),HB,623,1000.0,3
2026-09-16,quarta-feira,2,PH CORUMBA (PF),IFCO,6424,900.0,1
2026-09-16,quarta-feira,2,PH UBAJARA,HB,618,149.0,16
2026-09-16,quarta-feira,2,PH UBAJARA,HB,623,1.0,1
2026-09-16,quarta-feira,2,PH UBAJARA,IFCO,6424,70.0,1
2026-09-16,quarta-feira,2,TREB. CEARA,HB,618,5.0,2
2026-09-16,quarta-feira,2,TREB. MINAS,HB,618,228.0,6
2026-09-16,quarta-feira,2,TREB. MINAS,HB,623,870.0,4
2026-09-16,quarta-feira,2,TREB. MINAS,IFCO,6416,503.0,29
2026-09-16,quarta-feira,2,TREB. MINAS,IFCO,6424,2124.0,16
2026-09-17,quinta-feira,3,AGROINDUSTRIA TREBESCHI,HB,618,44.0,4
2026-09-17,quinta-feira,3,F. BICAME,IFCO,6424,417.0,2
2026-09-17,quinta-feira,3,PH CORUMBA (PF),HB,623,1320.0,3
2026-09-17,quinta-feira,3,PH CORUMBA (PF),IFCO,6424,1260.0,1
2026-09-17,quinta-feira,3,PH UBAJARA,IFCO,6416,536.0,47
2026-09-17,quinta-feira,3,PH UBAJARA,IFCO,6420,10.0,1
2026-09-17,quinta-feira,3,PH UBAJARA,IFCO,6424,341.0,13
2026-09-17,quinta-feira,3,TREB. CEARA,IFCO,6416,99.0,5
2026-09-17,quinta-feira,3,TREB. MINAS,HB,618,555.0,24
2026-09-17,quinta-feira,3,TREB. MINAS,HB,623,1238.0,12
